ds,layer,dataset,method,k,acc,std,f1,n
0,L0,Task ID (4-way),Full LogReg,1024,0.99915611814346,0.0016877637130801482,0.9981329839502129,1185
0,L0,Task ID (4-way),Full Ridge,1024,1.0,0.0,,1185
0,L0,Task ID (4-way),PCA,5,0.3679324894514767,0.026471539479085437,0.209126115330963,1185
0,L0,Task ID (4-way),PCA,10,0.38734177215189874,0.02407652762478836,0.22052937926313568,1185
0,L0,Task ID (4-way),PCA,20,0.39156118143459917,0.026471539479085437,0.223462589124129,1185
0,L0,Task ID (4-way),PCA,50,0.9822784810126584,0.009768638736531844,0.9820867840747731,1185
0,L0,Task ID (4-way),PCA,100,1.0,0.0,1.0,1185
0,L0,Task ID (4-way),Random,5,0.4151898734177215,0.0057234852178271916,,1185
0,L0,Task ID (4-way),Random,10,0.4118143459915612,0.013617649116586878,,1185
0,L0,Task ID (4-way),Random,20,0.4280168776371308,0.017656299518139462,,1185
0,L0,Task ID (4-way),Random,50,0.8300421940928271,0.016755677496696597,,1185
0,L0,Task ID (4-way),Random,100,0.9569620253164557,0.0055208193194249255,,1185
0,L0,Task ID (4-way),Conceptor,5,0.3594936708860759,0.0237789076854099,0.20521230938717175,1185
0,L0,Task ID (4-way),Conceptor,10,0.4227848101265822,0.05412697961459773,0.2512686732341081,1185
0,L0,Task ID (4-way),Conceptor,20,0.4928270042194093,0.04516147902197353,0.29244352750151503,1185
0,L0,Task ID (4-way),Conceptor,50,0.9485232067510548,0.018372608486985013,0.9347813586651155,1185
0,L0,Task ID (4-way),Conceptor,100,0.9983122362869199,0.002067079951715737,0.9971525155041775,1185
0,L0,Task ID (4-way),ConceptorEnergy(α=0.1),4,0.4978902953586498,0.014120844329689054,,1185
0,L0,Task ID (4-way),ConceptorEnergy(α=1.0),4,0.43291139240506327,0.008268319806863036,,1185
0,L0,Success/Fail (all),Full LogReg,1024,0.9392405063291139,0.022422498321664833,0.9309428971436933,1185
0,L0,Success/Fail (all),Full Ridge,1024,0.9662447257383967,0.011002873257726016,,1185
0,L0,Success/Fail (all),PCA,5,0.6708860759493671,0.0,0.4015151515151515,1185
0,L0,Success/Fail (all),PCA,10,0.6717299578059072,0.0016877637130801482,0.4042500958956655,1185
0,L0,Success/Fail (all),PCA,20,0.6616033755274262,0.010472298435435325,0.40720764050028785,1185
0,L0,Success/Fail (all),PCA,50,0.8987341772151899,0.02836748744974112,0.8831872959723552,1185
0,L0,Success/Fail (all),PCA,100,0.9240506329113923,0.02248592842949236,0.9135121872508793,1185
0,L0,Success/Fail (all),Random,5,0.6697046413502109,0.001263006712835117,,1185
0,L0,Success/Fail (all),Random,10,0.670548523206751,0.0013711457223014188,,1185
0,L0,Success/Fail (all),Random,20,0.6634599156118143,0.0066103480261826735,,1185
0,L0,Success/Fail (all),Random,50,0.8361181434599155,0.01574603043333752,,1185
0,L0,Success/Fail (all),Random,100,0.8975527426160337,0.0016536639613726277,,1185
0,L0,Success/Fail (all),Conceptor,5,0.6632911392405063,0.0031575167820877114,0.4123618185072154,1185
0,L0,Success/Fail (all),Conceptor,10,0.6624472573839661,0.007547908784809436,0.4388291359745848,1185
0,L0,Success/Fail (all),Conceptor,20,0.6683544303797467,0.011195357942127943,0.46118158548533683,1185
0,L0,Success/Fail (all),Conceptor,50,0.8827004219409282,0.02606488643287847,0.8651108971053583,1185
0,L0,Success/Fail (all),Conceptor,100,0.9181434599156117,0.021448548569010687,0.9071886587073769,1185
0,L0,Success/Fail (all),ConceptorEnergy(α=0.1),4,0.6717299578059073,0.014953624596345463,,1185
0,L0,Success/Fail (all),ConceptorEnergy(α=1.0),4,0.6708860759493671,0.0,,1185
0,L0,Asm Succ/Fail,Full LogReg,1024,0.888888888888889,0.029814239699997202,0.8228755353514572,450
0,L0,Asm Succ/Fail,Full Ridge,1024,0.9355555555555556,0.019116278371205834,,450
0,L0,Asm Succ/Fail,PCA,5,0.8,0.0,0.4444444444444445,450
0,L0,Asm Succ/Fail,PCA,10,0.7977777777777778,0.004444444444444473,0.4437543133195307,450
0,L0,Asm Succ/Fail,PCA,20,0.7933333333333333,0.005443310539518209,0.4611247835201896,450
0,L0,Asm Succ/Fail,PCA,50,0.8400000000000001,0.03340732528527312,0.7422692962459655,450
0,L0,Asm Succ/Fail,PCA,100,0.9,0.012171612389003729,0.8354815498532945,450
0,L0,Asm Succ/Fail,Random,5,0.8,0.0,,450
0,L0,Asm Succ/Fail,Random,10,0.7995555555555555,0.0008888888888888946,,450
0,L0,Asm Succ/Fail,Random,20,0.796,0.0035555555555555783,,450
0,L0,Asm Succ/Fail,Random,50,0.8231111111111111,0.006681465057054589,,450
0,L0,Asm Succ/Fail,Random,100,0.863111111111111,0.0022662308949300933,,450
0,L0,Asm Succ/Fail,Conceptor,5,0.7977777777777778,0.021545243810739217,0.49275447515215626,450
0,L0,Asm Succ/Fail,Conceptor,10,0.7866666666666667,0.02266230894930126,0.48692045077671775,450
0,L0,Asm Succ/Fail,Conceptor,20,0.788888888888889,0.026293687924887173,0.5122795296781618,450
0,L0,Asm Succ/Fail,Conceptor,50,0.8355555555555556,0.032508308529617315,0.7461754370107966,450
0,L0,Asm Succ/Fail,Conceptor,100,0.8800000000000001,0.019116278371205834,0.8091271076881472,450
0,L0,Asm Succ/Fail,ConceptorEnergy(α=0.1),4,0.8,0.0,,450
0,L0,Asm Succ/Fail,ConceptorEnergy(α=1.0),4,0.8,0.0,,450
0,L5,Task ID (4-way),Full LogReg,1024,1.0,0.0,1.0,1185
0,L5,Task ID (4-way),Full Ridge,1024,1.0,0.0,,1185
0,L5,Task ID (4-way),PCA,5,0.38649789029535864,0.024399716953250564,0.2196800541860114,1185
0,L5,Task ID (4-way),PCA,10,0.39915611814345986,0.025260134256701722,0.22738759111959572,1185
0,L5,Task ID (4-way),PCA,20,0.40675105485232066,0.0385424042081662,0.23273239696069234,1185
0,L5,Task ID (4-way),PCA,50,1.0,0.0,1.0,1185
0,L5,Task ID (4-way),PCA,100,1.0,0.0,1.0,1185
0,L5,Task ID (4-way),Random,5,0.45232067510548524,0.02580126512931372,,1185
0,L5,Task ID (4-way),Random,10,0.48050632911392405,0.037033243528538165,,1185
0,L5,Task ID (4-way),Random,20,0.5756962025316457,0.027755375609345764,,1185
0,L5,Task ID (4-way),Random,50,0.9765400843881856,0.009157576348523535,,1185
0,L5,Task ID (4-way),Random,100,0.999493670886076,0.00041341599034313653,,1185
0,L5,Task ID (4-way),Conceptor,5,0.4109704641350211,0.03153002817260658,0.2367561705044062,1185
0,L5,Task ID (4-way),Conceptor,10,0.5333333333333334,0.029061899337928368,0.3563747456964012,1185
0,L5,Task ID (4-way),Conceptor,20,0.7333333333333334,0.014221349828145768,0.5497075787791618,1185
0,L5,Task ID (4-way),Conceptor,50,0.99915611814346,0.0016877637130801482,0.9990195315539647,1185
0,L5,Task ID (4-way),Conceptor,100,1.0,0.0,1.0,1185
0,L5,Task ID (4-way),ConceptorEnergy(α=0.1),4,0.5122362869198313,0.03061326100796126,,1185
0,L5,Task ID (4-way),ConceptorEnergy(α=1.0),4,0.6345991561181434,0.03002607067452689,,1185
0,L5,Success/Fail (all),Full LogReg,1024,0.9645569620253165,0.01898265296067845,0.9600414356426548,1185
0,L5,Success/Fail (all),Full Ridge,1024,0.9822784810126581,0.014221349828145775,,1185
0,L5,Success/Fail (all),PCA,5,0.670042194092827,0.0016877637130801927,0.4012121212121212,1185
0,L5,Success/Fail (all),PCA,10,0.670042194092827,0.0016877637130801927,0.4012121212121212,1185
0,L5,Success/Fail (all),PCA,20,0.6683544303797468,0.008688295477626163,0.44246749389156576,1185
0,L5,Success/Fail (all),PCA,50,0.9147679324894515,0.02778409727114653,0.9027629869328109,1185
0,L5,Success/Fail (all),PCA,100,0.9561181434599156,0.020428216771156447,0.9503260416377076,1185
0,L5,Success/Fail (all),Random,5,0.6686919831223629,0.002362869198312253,,1185
0,L5,Success/Fail (all),Random,10,0.6808438818565401,0.010285670200973903,,1185
0,L5,Success/Fail (all),Random,20,0.7024472573839663,0.012201025871343694,,1185
0,L5,Success/Fail (all),Random,50,0.909367088607595,0.009051198432264646,,1185
0,L5,Success/Fail (all),Random,100,0.9262447257383967,0.004791584663823898,,1185
0,L5,Success/Fail (all),Conceptor,5,0.668354430379747,0.011814345991561188,0.43031970381737733,1185
0,L5,Success/Fail (all),Conceptor,10,0.6742616033755275,0.007259346216913601,0.49923355014509185,1185
0,L5,Success/Fail (all),Conceptor,20,0.7308016877637131,0.008605940107329601,0.6281884995326542,1185
0,L5,Success/Fail (all),Conceptor,50,0.940928270042194,0.022005746515451993,0.9327559205579219,1185
0,L5,Success/Fail (all),Conceptor,100,0.9561181434599156,0.021448548569010687,0.9503766927969112,1185
0,L5,Success/Fail (all),ConceptorEnergy(α=0.1),4,0.7029535864978903,0.026765825362284727,,1185
0,L5,Success/Fail (all),ConceptorEnergy(α=1.0),4,0.6742616033755274,0.01263006712835087,,1185
0,L5,Asm Succ/Fail,Full LogReg,1024,0.9088888888888889,0.014740554623801791,0.85367250992251,450
0,L5,Asm Succ/Fail,Full Ridge,1024,0.9377777777777778,0.011331154474650627,,450
0,L5,Asm Succ/Fail,PCA,5,0.8,0.0,0.4444444444444445,450
0,L5,Asm Succ/Fail,PCA,10,0.8,0.0,0.4444444444444445,450
0,L5,Asm Succ/Fail,PCA,20,0.7955555555555556,0.005443310539518209,0.47001592906155354,450
0,L5,Asm Succ/Fail,PCA,50,0.9044444444444444,0.020608041101101572,0.8532447132447134,450
0,L5,Asm Succ/Fail,PCA,100,0.8977777777777778,0.02036700308869263,0.8353581623149694,450
0,L5,Asm Succ/Fail,Random,5,0.8,0.0,,450
0,L5,Asm Succ/Fail,Random,10,0.796,0.007221367470787548,,450
0,L5,Asm Succ/Fail,Random,20,0.7933333333333333,0.01070363962559309,,450
0,L5,Asm Succ/Fail,Random,50,0.855111111111111,0.016653327995729158,,450
0,L5,Asm Succ/Fail,Random,100,0.8840000000000001,0.009469900334516623,,450
0,L5,Asm Succ/Fail,Conceptor,5,0.7866666666666666,0.014740554623801761,0.4679784447491948,450
0,L5,Asm Succ/Fail,Conceptor,10,0.8111111111111112,0.018592445034090584,0.5810913943132912,450
0,L5,Asm Succ/Fail,Conceptor,20,0.8222222222222222,0.015713484026367713,0.6539258837587099,450
0,L5,Asm Succ/Fail,Conceptor,50,0.9044444444444444,0.019372884193514118,0.8516512562023217,450
0,L5,Asm Succ/Fail,Conceptor,100,0.8955555555555555,0.01662958838566195,0.8380705909493177,450
0,L5,Asm Succ/Fail,ConceptorEnergy(α=0.1),4,0.7977777777777778,0.01088662107903635,,450
0,L5,Asm Succ/Fail,ConceptorEnergy(α=1.0),4,0.8,0.0,,450
0,L11,Task ID (4-way),Full LogReg,1024,1.0,0.0,1.0,1185
0,L11,Task ID (4-way),Full Ridge,1024,1.0,0.0,,1185
0,L11,Task ID (4-way),PCA,5,1.0,0.0,1.0,1185
0,L11,Task ID (4-way),PCA,10,1.0,0.0,1.0,1185
0,L11,Task ID (4-way),PCA,20,1.0,0.0,1.0,1185
0,L11,Task ID (4-way),PCA,50,1.0,0.0,1.0,1185
0,L11,Task ID (4-way),PCA,100,1.0,0.0,1.0,1185
0,L11,Task ID (4-way),Random,5,0.7576371308016878,0.06354917862519027,,1185
0,L11,Task ID (4-way),Random,10,0.9044725738396625,0.033165308502237215,,1185
0,L11,Task ID (4-way),Random,20,0.979409282700422,0.01571162075643817,,1185
0,L11,Task ID (4-way),Random,50,1.0,0.0,,1185
0,L11,Task ID (4-way),Random,100,1.0,0.0,,1185
0,L11,Task ID (4-way),Conceptor,5,0.9333333333333333,0.0041341599034315415,0.8745293703254134,1185
0,L11,Task ID (4-way),Conceptor,10,0.980590717299578,0.00430297005366481,0.963655115793814,1185
0,L11,Task ID (4-way),Conceptor,20,0.9932489451476794,0.004302970053664793,0.9871218703643827,1185
0,L11,Task ID (4-way),Conceptor,50,1.0,0.0,1.0,1185
0,L11,Task ID (4-way),Conceptor,100,1.0,0.0,1.0,1185
0,L11,Task ID (4-way),ConceptorEnergy(α=0.1),4,0.7518987341772152,0.017170455653481707,,1185
0,L11,Task ID (4-way),ConceptorEnergy(α=1.0),4,0.9628691983122362,0.011131566209513022,,1185
0,L11,Success/Fail (all),Full LogReg,1024,0.9679324894514767,0.017211880214659216,0.9639179149891948,1185
0,L11,Success/Fail (all),Full Ridge,1024,0.9780590717299578,0.01565167678564678,,1185
0,L11,Success/Fail (all),PCA,5,0.8987341772151899,0.021348709942065003,0.8848160307419418,1185
0,L11,Success/Fail (all),PCA,10,0.9046413502109705,0.0319785575046353,0.8915740474692117,1185
0,L11,Success/Fail (all),PCA,20,0.9130801687763714,0.029547917974703117,0.9011094110728411,1185
0,L11,Success/Fail (all),PCA,50,0.9198312236286921,0.02184334026252284,0.9073897860222075,1185
0,L11,Success/Fail (all),PCA,100,0.9662447257383965,0.011002873257726017,0.9619675110349236,1185
0,L11,Success/Fail (all),Random,5,0.768945147679325,0.02991391567085256,,1185
0,L11,Success/Fail (all),Random,10,0.8556962025316455,0.024545214467930784,,1185
0,L11,Success/Fail (all),Random,20,0.8845569620253164,0.015536596081505635,,1185
0,L11,Success/Fail (all),Random,50,0.9255696202531645,0.007649126881771893,,1185
0,L11,Success/Fail (all),Random,100,0.9427848101265821,0.004874102642428196,,1185
0,L11,Success/Fail (all),Conceptor,5,0.8565400843881857,0.020670799517157605,0.8346356617538774,1185
0,L11,Success/Fail (all),Conceptor,10,0.8978902953586498,0.025512601616592374,0.8804248450290846,1185
0,L11,Success/Fail (all),Conceptor,20,0.9139240506329115,0.023355869203541022,0.9008067130199157,1185
0,L11,Success/Fail (all),Conceptor,50,0.9569620253164557,0.01894510069252627,0.9511654011451084,1185
0,L11,Success/Fail (all),Conceptor,100,0.9679324894514767,0.014518692433827245,0.9639926063903523,1185
0,L11,Success/Fail (all),ConceptorEnergy(α=0.1),4,0.8489451476793249,0.028914500757825826,,1185
0,L11,Success/Fail (all),ConceptorEnergy(α=1.0),4,0.8582278481012657,0.033180764981160335,,1185
0,L11,Asm Succ/Fail,Full LogReg,1024,0.9244444444444445,0.008314794192830988,0.8794020302007152,450
0,L11,Asm Succ/Fail,Full Ridge,1024,0.9444444444444444,0.015713484026367713,,450
0,L11,Asm Succ/Fail,PCA,5,0.8222222222222222,0.03718489006818111,0.685961150570372,450
0,L11,Asm Succ/Fail,PCA,10,0.8111111111111111,0.042163702135578386,0.673871108316597,450
0,L11,Asm Succ/Fail,PCA,20,0.8266666666666665,0.03111111111111109,0.7122384002122274,450
0,L11,Asm Succ/Fail,PCA,50,0.9044444444444444,0.021773242158072685,0.8480273760481486,450
0,L11,Asm Succ/Fail,PCA,100,0.9266666666666667,0.011331154474650622,0.8788195230709773,450
0,L11,Asm Succ/Fail,Random,5,0.8004444444444443,0.007356864603220819,,450
0,L11,Asm Succ/Fail,Random,10,0.8084444444444443,0.014222222222222185,,450
0,L11,Asm Succ/Fail,Random,20,0.8311111111111111,0.004444444444444506,,450
0,L11,Asm Succ/Fail,Random,50,0.8782222222222222,0.012041081941461374,,450
0,L11,Asm Succ/Fail,Random,100,0.9035555555555556,0.007383665655927216,,450
0,L11,Asm Succ/Fail,Conceptor,5,0.8511111111111112,0.02060804110110157,0.746490528983695,450
0,L11,Asm Succ/Fail,Conceptor,10,0.828888888888889,0.022879178091082225,0.7114996488328528,450
0,L11,Asm Succ/Fail,Conceptor,20,0.8333333333333333,0.018592445034090556,0.7268631135133599,450
0,L11,Asm Succ/Fail,Conceptor,50,0.8977777777777778,0.02036700308869263,0.8393195429233318,450
0,L11,Asm Succ/Fail,Conceptor,100,0.928888888888889,0.008888888888888858,0.8859739584600911,450
0,L11,Asm Succ/Fail,ConceptorEnergy(α=0.1),4,0.7933333333333333,0.029481109247603533,,450
0,L11,Asm Succ/Fail,ConceptorEnergy(α=1.0),4,0.8,0.028974232912011778,,450
0,L17,Task ID (4-way),Full LogReg,1024,1.0,0.0,1.0,1185
0,L17,Task ID (4-way),Full Ridge,1024,1.0,0.0,,1185
0,L17,Task ID (4-way),PCA,5,1.0,0.0,1.0,1185
0,L17,Task ID (4-way),PCA,10,1.0,0.0,1.0,1185
0,L17,Task ID (4-way),PCA,20,1.0,0.0,1.0,1185
0,L17,Task ID (4-way),PCA,50,1.0,0.0,1.0,1185
0,L17,Task ID (4-way),PCA,100,1.0,0.0,1.0,1185
0,L17,Task ID (4-way),Random,5,0.9524050632911394,0.023052652933622124,,1185
0,L17,Task ID (4-way),Random,10,0.9944303797468355,0.0037965305921357235,,1185
0,L17,Task ID (4-way),Random,20,1.0,0.0,,1185
0,L17,Task ID (4-way),Random,50,1.0,0.0,,1185
0,L17,Task ID (4-way),Random,100,1.0,0.0,,1185
0,L17,Task ID (4-way),Conceptor,5,1.0,0.0,1.0,1185
0,L17,Task ID (4-way),Conceptor,10,1.0,0.0,1.0,1185
0,L17,Task ID (4-way),Conceptor,20,0.99915611814346,0.0016877637130801482,0.998557879693387,1185
0,L17,Task ID (4-way),Conceptor,50,1.0,0.0,1.0,1185
0,L17,Task ID (4-way),Conceptor,100,1.0,0.0,1.0,1185
0,L17,Task ID (4-way),ConceptorEnergy(α=0.1),4,0.9240506329113923,0.005967145832797875,,1185
0,L17,Task ID (4-way),ConceptorEnergy(α=1.0),4,0.9924050632911392,0.007259346216913607,,1185
0,L17,Success/Fail (all),Full LogReg,1024,0.9670886075949368,0.01610023968636198,0.9630268618874727,1185
0,L17,Success/Fail (all),Full Ridge,1024,0.9755274261603375,0.014469559662010361,,1185
0,L17,Success/Fail (all),PCA,5,0.9012658227848102,0.015697109905264385,0.8919858441814364,1185
0,L17,Success/Fail (all),PCA,10,0.9113924050632912,0.027083217782078024,0.8972089319755984,1185
0,L17,Success/Fail (all),PCA,20,0.920675105485232,0.017980823419968397,0.9086502382539651,1185
0,L17,Success/Fail (all),PCA,50,0.9257383966244725,0.023507828315922536,0.9138757472276652,1185
0,L17,Success/Fail (all),PCA,100,0.969620253164557,0.014469559662010323,0.9656667116380568,1185
0,L17,Success/Fail (all),Random,5,0.8610970464135022,0.021788500060567536,,1185
0,L17,Success/Fail (all),Random,10,0.8956962025316457,0.01385200643286634,,1185
0,L17,Success/Fail (all),Random,20,0.9164556962025318,0.004862400098189987,,1185
0,L17,Success/Fail (all),Random,50,0.9316455696202534,0.004683354236459659,,1185
0,L17,Success/Fail (all),Random,100,0.9443037974683545,0.0034588863345010675,,1185
0,L17,Success/Fail (all),Conceptor,5,0.9156118143459915,0.021514850268324004,0.9033489899528329,1185
0,L17,Success/Fail (all),Conceptor,10,0.920675105485232,0.019862619908759205,0.9092638865134205,1185
0,L17,Success/Fail (all),Conceptor,20,0.9274261603375529,0.022390715884255875,0.9164542023357252,1185
0,L17,Success/Fail (all),Conceptor,50,0.9451476793248945,0.018488525147853697,0.9376473109610753,1185
0,L17,Success/Fail (all),Conceptor,100,0.9611814345991562,0.01565167678564678,0.9560297403298668,1185
0,L17,Success/Fail (all),ConceptorEnergy(α=0.1),4,0.8691983122362871,0.009244262573926862,,1185
0,L17,Success/Fail (all),ConceptorEnergy(α=1.0),4,0.8776371308016877,0.020842344363254793,,1185
0,L17,Asm Succ/Fail,Full LogReg,1024,0.9311111111111112,0.022662308949301282,0.8884774599168234,450
0,L17,Asm Succ/Fail,Full Ridge,1024,0.9466666666666667,0.010886621079036363,,450
0,L17,Asm Succ/Fail,PCA,5,0.8355555555555554,0.03541639433446495,0.7316103265006799,450
0,L17,Asm Succ/Fail,PCA,10,0.8422222222222222,0.04466611387164838,0.743169411332475,450
0,L17,Asm Succ/Fail,PCA,20,0.8844444444444445,0.021773242158072685,0.8170131318582973,450
0,L17,Asm Succ/Fail,PCA,50,0.8977777777777778,0.014740554623801805,0.8342811170084179,450
0,L17,Asm Succ/Fail,PCA,100,0.9266666666666667,0.015071844406945025,0.8784301347658146,450
0,L17,Asm Succ/Fail,Random,5,0.8022222222222222,0.012090196007764877,,450
0,L17,Asm Succ/Fail,Random,10,0.8213333333333332,0.02375180305046649,,450
0,L17,Asm Succ/Fail,Random,20,0.8537777777777779,0.017855386156978348,,450
0,L17,Asm Succ/Fail,Random,50,0.8977777777777778,0.01209019600776482,,450
0,L17,Asm Succ/Fail,Random,100,0.9133333333333333,0.008073734277593326,,450
0,L17,Asm Succ/Fail,Conceptor,5,0.8911111111111112,0.022662308949301265,0.8166758377686296,450
0,L17,Asm Succ/Fail,Conceptor,10,0.8933333333333333,0.024944382578492966,0.8249623449711191,450
0,L17,Asm Succ/Fail,Conceptor,20,0.888888888888889,0.03142696805273545,0.8197014296221358,450
0,L17,Asm Succ/Fail,Conceptor,50,0.9,0.015713484026367745,0.8365146674681643,450
0,L17,Asm Succ/Fail,Conceptor,100,0.9333333333333333,0.00702728368926304,0.8915636855709504,450
0,L17,Asm Succ/Fail,ConceptorEnergy(α=0.1),4,0.8111111111111111,0.00993807989999903,,450
0,L17,Asm Succ/Fail,ConceptorEnergy(α=1.0),4,0.7955555555555556,0.005443310539518209,,450
9,L0,Task ID (4-way),Full LogReg,1024,1.0,0.0,1.0,1185
9,L0,Task ID (4-way),Full Ridge,1024,1.0,0.0,,1185
9,L0,Task ID (4-way),PCA,5,0.9924050632911394,0.003157516782087723,0.9940625958299234,1185
9,L0,Task ID (4-way),PCA,10,0.9957805907172996,0.004622131286963411,0.9972217248360113,1185
9,L0,Task ID (4-way),PCA,20,0.9957805907172996,0.005337177485516239,0.9972216219394742,1185
9,L0,Task ID (4-way),PCA,50,1.0,0.0,1.0,1185
9,L0,Task ID (4-way),PCA,100,1.0,0.0,1.0,1185
9,L0,Task ID (4-way),Random,5,0.9645569620253165,0.017450203578819014,,1185
9,L0,Task ID (4-way),Random,10,0.990042194092827,0.001953727747306313,,1185
9,L0,Task ID (4-way),Random,20,0.9908860759493671,0.006435671211793299,,1185
9,L0,Task ID (4-way),Random,50,0.9989873417721519,0.00033755274261602073,,1185
9,L0,Task ID (4-way),Random,100,0.998818565400844,0.0006751054852320415,,1185
9,L0,Task ID (4-way),Conceptor,5,0.9974683544303797,0.002067079951715737,0.9965065517014813,1185
9,L0,Task ID (4-way),Conceptor,10,0.9974683544303797,0.002067079951715737,0.9964529167190495,1185
9,L0,Task ID (4-way),Conceptor,20,0.9983122362869199,0.002067079951715737,0.9970621244043425,1185
9,L0,Task ID (4-way),Conceptor,50,1.0,0.0,1.0,1185
9,L0,Task ID (4-way),Conceptor,100,1.0,0.0,1.0,1185
9,L0,Task ID (4-way),ConceptorEnergy(α=0.1),4,0.9544303797468354,0.01113156620951302,,1185
9,L0,Task ID (4-way),ConceptorEnergy(α=1.0),4,0.9611814345991562,0.006201239855147295,,1185
9,L0,Success/Fail (all),Full LogReg,1024,0.9527426160337553,0.019132124976801064,0.9462677346952116,1185
9,L0,Success/Fail (all),Full Ridge,1024,0.9696202531645571,0.01631989840153054,,1185
9,L0,Success/Fail (all),PCA,5,0.8936708860759494,0.010806960738283281,0.8831200301571783,1185
9,L0,Success/Fail (all),PCA,10,0.8928270042194093,0.013502109704641312,0.8821096313648494,1185
9,L0,Success/Fail (all),PCA,20,0.9012658227848102,0.014518692433827243,0.8886982033172621,1185
9,L0,Success/Fail (all),PCA,50,0.9189873417721518,0.022231122147374674,0.9079155366719572,1185
9,L0,Success/Fail (all),PCA,100,0.9535864978902954,0.014616462511129741,0.9477183456937205,1185
9,L0,Success/Fail (all),Random,5,0.8833755274261603,0.008083665832795276,,1185
9,L0,Success/Fail (all),Random,10,0.8933333333333333,0.005080140740351906,,1185
9,L0,Success/Fail (all),Random,20,0.8987341772151899,0.0032900571628047062,,1185
9,L0,Success/Fail (all),Random,50,0.9080168776371309,0.005091342828353834,,1185
9,L0,Success/Fail (all),Random,100,0.9181434599156117,0.0028741580364432355,,1185
9,L0,Success/Fail (all),Conceptor,5,0.8945147679324894,0.01749910662728079,0.8825650660577992,1185
9,L0,Success/Fail (all),Conceptor,10,0.9012658227848102,0.020428216771156468,0.8895498062577614,1185
9,L0,Success/Fail (all),Conceptor,20,0.9054852320675106,0.012963959068132693,0.8933928445340147,1185
9,L0,Success/Fail (all),Conceptor,50,0.9324894514767932,0.022327015283245502,0.9232256026693433,1185
9,L0,Success/Fail (all),Conceptor,100,0.9552742616033754,0.015236683616259739,0.949275789647209,1185
9,L0,Success/Fail (all),ConceptorEnergy(α=0.1),4,0.8388185654008439,0.015422503698309773,,1185
9,L0,Success/Fail (all),ConceptorEnergy(α=1.0),4,0.7611814345991561,0.018603719565441837,,1185
9,L0,Asm Succ/Fail,Full LogReg,1024,0.9244444444444445,0.02154524381073925,0.8794082237435961,450
9,L0,Asm Succ/Fail,Full Ridge,1024,0.9422222222222223,0.01911627837120581,,450
9,L0,Asm Succ/Fail,PCA,5,0.7977777777777777,0.017777777777777802,0.580749494942884,450
9,L0,Asm Succ/Fail,PCA,10,0.8222222222222222,0.01721325931647739,0.6517519052219477,450
9,L0,Asm Succ/Fail,PCA,20,0.8311111111111111,0.027577052546646337,0.6911049833326818,450
9,L0,Asm Succ/Fail,PCA,50,0.9155555555555555,0.03189488909868295,0.8635980666853265,450
9,L0,Asm Succ/Fail,PCA,100,0.9244444444444445,0.008314794192830986,0.8763795833117662,450
9,L0,Asm Succ/Fail,Random,5,0.7964444444444444,0.005726266100766699,,450
9,L0,Asm Succ/Fail,Random,10,0.8115555555555556,0.007083278866893011,,450
9,L0,Asm Succ/Fail,Random,20,0.8195555555555556,0.0110128992829901,,450
9,L0,Asm Succ/Fail,Random,50,0.8506666666666666,0.006798692684790377,,450
9,L0,Asm Succ/Fail,Random,100,0.8711111111111112,0.008314794192831034,,450
9,L0,Asm Succ/Fail,Conceptor,5,0.828888888888889,0.013333333333333336,0.6799671586899956,450
9,L0,Asm Succ/Fail,Conceptor,10,0.8333333333333334,0.007027283689263075,0.6988752538345865,450
9,L0,Asm Succ/Fail,Conceptor,20,0.8266666666666665,0.018053418676968788,0.69123791546871,450
9,L0,Asm Succ/Fail,Conceptor,50,0.9111111111111111,0.030631219449089402,0.8578411082719493,450
9,L0,Asm Succ/Fail,Conceptor,100,0.9222222222222222,0.00993807989999908,0.8750561563188685,450
9,L0,Asm Succ/Fail,ConceptorEnergy(α=0.1),4,0.7911111111111111,0.010886621079036363,,450
9,L0,Asm Succ/Fail,ConceptorEnergy(α=1.0),4,0.8022222222222222,0.016329931618554516,,450
9,L5,Task ID (4-way),Full LogReg,1024,1.0,0.0,1.0,1185
9,L5,Task ID (4-way),Full Ridge,1024,1.0,0.0,,1185
9,L5,Task ID (4-way),PCA,5,0.9966244725738397,0.0016877637130801482,0.9968375266023719,1185
9,L5,Task ID (4-way),PCA,10,0.9983122362869199,0.002067079951715737,0.9988888545942777,1185
9,L5,Task ID (4-way),PCA,20,0.9983122362869199,0.002067079951715737,0.9988888545942777,1185
9,L5,Task ID (4-way),PCA,50,1.0,0.0,1.0,1185
9,L5,Task ID (4-way),PCA,100,1.0,0.0,1.0,1185
9,L5,Task ID (4-way),Random,5,0.9470042194092827,0.03062442490343039,,1185
9,L5,Task ID (4-way),Random,10,0.9856540084388186,0.005006716278208014,,1185
9,L5,Task ID (4-way),Random,20,0.9944303797468356,0.00203933265377124,,1185
9,L5,Task ID (4-way),Random,50,0.9996624472573841,0.0006751054852320415,,1185
9,L5,Task ID (4-way),Random,100,1.0,0.0,,1185
9,L5,Task ID (4-way),Conceptor,5,0.9966244725738397,0.0031575167820877114,0.9941256164678345,1185
9,L5,Task ID (4-way),Conceptor,10,1.0,0.0,1.0,1185
9,L5,Task ID (4-way),Conceptor,20,0.9983122362869199,0.002067079951715737,0.9970621244043425,1185
9,L5,Task ID (4-way),Conceptor,50,1.0,0.0,1.0,1185
9,L5,Task ID (4-way),Conceptor,100,1.0,0.0,1.0,1185
9,L5,Task ID (4-way),ConceptorEnergy(α=0.1),4,0.9544303797468354,0.0031575167820877114,,1185
9,L5,Task ID (4-way),ConceptorEnergy(α=1.0),4,0.969620253164557,0.004920634510418003,,1185
9,L5,Success/Fail (all),Full LogReg,1024,0.959493670886076,0.015468609940779211,0.9541598471386233,1185
9,L5,Success/Fail (all),Full Ridge,1024,0.9780590717299578,0.01653663961372613,,1185
9,L5,Success/Fail (all),PCA,5,0.8970464135021098,0.020253164556962,0.885161400846331,1185
9,L5,Success/Fail (all),PCA,10,0.8928270042194093,0.020944596870870653,0.880268476117943,1185
9,L5,Success/Fail (all),PCA,20,0.8928270042194093,0.020773896413655984,0.8803295326888494,1185
9,L5,Success/Fail (all),PCA,50,0.9198312236286919,0.017701415158989875,0.9080699741432801,1185
9,L5,Success/Fail (all),PCA,100,0.9552742616033756,0.023355869203541,0.9494648133699639,1185
9,L5,Success/Fail (all),Random,5,0.871054852320675,0.028837555752290304,,1185
9,L5,Success/Fail (all),Random,10,0.891476793248945,0.0034423760429318534,,1185
9,L5,Success/Fail (all),Random,20,0.9037974683544304,0.005943229320391218,,1185
9,L5,Success/Fail (all),Random,50,0.9117299578059072,0.003758828261826169,,1185
9,L5,Success/Fail (all),Random,100,0.9211814345991561,0.0036433811215059652,,1185
9,L5,Success/Fail (all),Conceptor,5,0.8978902953586498,0.008181738155976937,0.8863469111257963,1185
9,L5,Success/Fail (all),Conceptor,10,0.9012658227848102,0.02025316455696201,0.8894920407775182,1185
9,L5,Success/Fail (all),Conceptor,20,0.9046413502109705,0.01614441052296117,0.8926452934993165,1185
9,L5,Success/Fail (all),Conceptor,50,0.9198312236286921,0.014616462511129793,0.9085194266186687,1185
9,L5,Success/Fail (all),Conceptor,100,0.9459915611814346,0.01968253804167187,0.938778836395246,1185
9,L5,Success/Fail (all),ConceptorEnergy(α=0.1),4,0.8464135021097047,0.01898265296067845,,1185
9,L5,Success/Fail (all),ConceptorEnergy(α=1.0),4,0.8953586497890296,0.014953624596345439,,1185
9,L5,Asm Succ/Fail,Full LogReg,1024,0.9133333333333334,0.010886621079036363,0.8590529889773857,450
9,L5,Asm Succ/Fail,Full Ridge,1024,0.9355555555555556,0.023726840560069577,,450
9,L5,Asm Succ/Fail,PCA,5,0.7977777777777778,0.02154524381073925,0.5916311678632962,450
9,L5,Asm Succ/Fail,PCA,10,0.8111111111111111,0.023306863292670045,0.6385021591111654,450
9,L5,Asm Succ/Fail,PCA,20,0.8244444444444443,0.034712220781807336,0.6867258555303668,450
9,L5,Asm Succ/Fail,PCA,50,0.8755555555555556,0.016329931618554526,0.8012955428646859,450
9,L5,Asm Succ/Fail,PCA,100,0.9044444444444444,0.018053418676968833,0.8453701634199765,450
9,L5,Asm Succ/Fail,Random,5,0.7973333333333334,0.005515410509329242,,450
9,L5,Asm Succ/Fail,Random,10,0.8004444444444445,0.006651835354264811,,450
9,L5,Asm Succ/Fail,Random,20,0.8168888888888887,0.020347596697350367,,450
9,L5,Asm Succ/Fail,Random,50,0.847111111111111,0.010648132045076421,,450
9,L5,Asm Succ/Fail,Random,100,0.8711111111111112,0.00831479419283098,,450
9,L5,Asm Succ/Fail,Conceptor,5,0.8177777777777777,0.016629588385661982,0.6717919038548821,450
9,L5,Asm Succ/Fail,Conceptor,10,0.8155555555555555,0.011331154474650627,0.6740570881246499,450
9,L5,Asm Succ/Fail,Conceptor,20,0.8244444444444443,0.021545243810739242,0.6821031489197239,450
9,L5,Asm Succ/Fail,Conceptor,50,0.8822222222222222,0.020608041101101572,0.8126115092291195,450
9,L5,Asm Succ/Fail,Conceptor,100,0.8977777777777778,0.008314794192830998,0.8398050784346399,450
9,L5,Asm Succ/Fail,ConceptorEnergy(α=0.1),4,0.7933333333333333,0.01507184440694504,,450
9,L5,Asm Succ/Fail,ConceptorEnergy(α=1.0),4,0.8222222222222223,0.023306863292670038,,450
9,L11,Task ID (4-way),Full LogReg,1024,1.0,0.0,1.0,1185
9,L11,Task ID (4-way),Full Ridge,1024,1.0,0.0,,1185
9,L11,Task ID (4-way),PCA,5,1.0,0.0,1.0,1185
9,L11,Task ID (4-way),PCA,10,1.0,0.0,1.0,1185
9,L11,Task ID (4-way),PCA,20,1.0,0.0,1.0,1185
9,L11,Task ID (4-way),PCA,50,1.0,0.0,1.0,1185
9,L11,Task ID (4-way),PCA,100,1.0,0.0,1.0,1185
9,L11,Task ID (4-way),Random,5,0.9481856540084388,0.03580923938666895,,1185
9,L11,Task ID (4-way),Random,10,0.9967932489451478,0.003220047937272435,,1185
9,L11,Task ID (4-way),Random,20,0.9996624472573841,0.0004134159903431365,,1185
9,L11,Task ID (4-way),Random,50,1.0,0.0,,1185
9,L11,Task ID (4-way),Random,100,1.0,0.0,,1185
9,L11,Task ID (4-way),Conceptor,5,1.0,0.0,1.0,1185
9,L11,Task ID (4-way),Conceptor,10,1.0,0.0,1.0,1185
9,L11,Task ID (4-way),Conceptor,20,1.0,0.0,1.0,1185
9,L11,Task ID (4-way),Conceptor,50,1.0,0.0,1.0,1185
9,L11,Task ID (4-way),Conceptor,100,1.0,0.0,1.0,1185
9,L11,Task ID (4-way),ConceptorEnergy(α=0.1),4,0.9291139240506329,0.016319898401530575,,1185
9,L11,Task ID (4-way),ConceptorEnergy(α=1.0),4,0.9189873417721518,0.009397070654565442,,1185
9,L11,Success/Fail (all),Full LogReg,1024,0.9654008438818564,0.016961815394296854,0.9609027461835933,1185
9,L11,Success/Fail (all),Full Ridge,1024,0.9763713080168778,0.01657964785180468,,1185
9,L11,Success/Fail (all),PCA,5,0.8987341772151899,0.021514850268323997,0.8850324507028817,1185
9,L11,Success/Fail (all),PCA,10,0.9037974683544304,0.029523807062507845,0.8893646304216809,1185
9,L11,Success/Fail (all),PCA,20,0.9063291139240507,0.027911958495428234,0.8927842801456073,1185
9,L11,Success/Fail (all),PCA,50,0.9122362869198313,0.02903738486765445,0.8991416005025507,1185
9,L11,Success/Fail (all),PCA,100,0.9434599156118143,0.010196663268856166,0.9358455280913395,1185
9,L11,Success/Fail (all),Random,5,0.8759493670886075,0.021174541215273825,,1185
9,L11,Success/Fail (all),Random,10,0.9010970464135021,0.00466507171682205,,1185
9,L11,Success/Fail (all),Random,20,0.909029535864979,0.006071259324423613,,1185
9,L11,Success/Fail (all),Random,50,0.917637130801688,0.004966730453860608,,1185
9,L11,Success/Fail (all),Random,100,0.9348523206751054,0.004414074879534823,,1185
9,L11,Success/Fail (all),Conceptor,5,0.8987341772151899,0.025734937859876655,0.8835952694769938,1185
9,L11,Success/Fail (all),Conceptor,10,0.909704641350211,0.024399716953250557,0.8964157119595487,1185
9,L11,Success/Fail (all),Conceptor,20,0.9105485232067512,0.024076527624788378,0.8973406674313068,1185
9,L11,Success/Fail (all),Conceptor,50,0.9426160337552743,0.02007658608163765,0.9343566250409893,1185
9,L11,Success/Fail (all),Conceptor,100,0.950210970464135,0.017980823419968366,0.9430953964482971,1185
9,L11,Success/Fail (all),ConceptorEnergy(α=0.1),4,0.820253164556962,0.016579647851804637,,1185
9,L11,Success/Fail (all),ConceptorEnergy(α=1.0),4,0.6776371308016877,0.008688295477626186,,1185
9,L11,Asm Succ/Fail,Full LogReg,1024,0.9266666666666667,0.011331154474650622,0.8808892773693986,450
9,L11,Asm Succ/Fail,Full Ridge,1024,0.9444444444444444,0.015713484026367713,,450
9,L11,Asm Succ/Fail,PCA,5,0.8066666666666666,0.025915341754867992,0.6888788320240709,450
9,L11,Asm Succ/Fail,PCA,10,0.8022222222222222,0.030143688813890086,0.6771423884451528,450
9,L11,Asm Succ/Fail,PCA,20,0.8222222222222222,0.02810913475705227,0.7102452139459527,450
9,L11,Asm Succ/Fail,PCA,50,0.8933333333333333,0.015071844406945032,0.8304783925604766,450
9,L11,Asm Succ/Fail,PCA,100,0.9422222222222223,0.014740554623801761,0.9035459344095956,450
9,L11,Asm Succ/Fail,Random,5,0.796,0.009258962958222048,,450
9,L11,Asm Succ/Fail,Random,10,0.8235555555555555,0.018991876105974675,,450
9,L11,Asm Succ/Fail,Random,20,0.836,0.010554970744033667,,450
9,L11,Asm Succ/Fail,Random,50,0.8711111111111112,0.009635325950523927,,450
9,L11,Asm Succ/Fail,Random,100,0.9013333333333335,0.009797958971132725,,450
9,L11,Asm Succ/Fail,Conceptor,5,0.8088888888888889,0.029313124351717602,0.6963097243725916,450
9,L11,Asm Succ/Fail,Conceptor,10,0.8244444444444443,0.016329931618554516,0.7144540522482199,450
9,L11,Asm Succ/Fail,Conceptor,20,0.8288888888888888,0.01662958838566195,0.7211982987843564,450
9,L11,Asm Succ/Fail,Conceptor,50,0.9022222222222223,0.019116278371205834,0.8415996364752616,450
9,L11,Asm Succ/Fail,Conceptor,100,0.9422222222222223,0.012957670877434,0.9063695914217199,450
9,L11,Asm Succ/Fail,ConceptorEnergy(α=0.1),4,0.8111111111111111,0.01571348402636773,,450
9,L11,Asm Succ/Fail,ConceptorEnergy(α=1.0),4,0.8133333333333332,0.004444444444444429,,450
9,L17,Task ID (4-way),Full LogReg,1024,1.0,0.0,1.0,1185
9,L17,Task ID (4-way),Full Ridge,1024,1.0,0.0,,1185
9,L17,Task ID (4-way),PCA,5,1.0,0.0,1.0,1185
9,L17,Task ID (4-way),PCA,10,1.0,0.0,1.0,1185
9,L17,Task ID (4-way),PCA,20,1.0,0.0,1.0,1185
9,L17,Task ID (4-way),PCA,50,1.0,0.0,1.0,1185
9,L17,Task ID (4-way),PCA,100,1.0,0.0,1.0,1185
9,L17,Task ID (4-way),Random,5,0.9702953586497889,0.02733656250831892,,1185
9,L17,Task ID (4-way),Random,10,0.999493670886076,0.0006751054852320415,,1185
9,L17,Task ID (4-way),Random,20,1.0,0.0,,1185
9,L17,Task ID (4-way),Random,50,1.0,0.0,,1185
9,L17,Task ID (4-way),Random,100,1.0,0.0,,1185
9,L17,Task ID (4-way),Conceptor,5,1.0,0.0,1.0,1185
9,L17,Task ID (4-way),Conceptor,10,1.0,0.0,1.0,1185
9,L17,Task ID (4-way),Conceptor,20,1.0,0.0,1.0,1185
9,L17,Task ID (4-way),Conceptor,50,1.0,0.0,1.0,1185
9,L17,Task ID (4-way),Conceptor,100,1.0,0.0,1.0,1185
9,L17,Task ID (4-way),ConceptorEnergy(α=0.1),4,0.9603375527426161,0.009841269020835918,,1185
9,L17,Task ID (4-way),ConceptorEnergy(α=1.0),4,0.9915611814345991,0.007060422164844512,,1185
9,L17,Success/Fail (all),Full LogReg,1024,0.9611814345991562,0.021908447233328552,0.9561678937746052,1185
9,L17,Success/Fail (all),Full Ridge,1024,0.9797468354430379,0.014953624596345475,,1185
9,L17,Success/Fail (all),PCA,5,0.9029535864978904,0.016450285814023594,0.8937385108403616,1185
9,L17,Success/Fail (all),PCA,10,0.9130801687763714,0.022893940871308936,0.9015977638364264,1185
9,L17,Success/Fail (all),PCA,20,0.909704641350211,0.027292762242694075,0.8959386582280263,1185
9,L17,Success/Fail (all),PCA,50,0.920675105485232,0.028292075298295735,0.907888785799382,1185
9,L17,Success/Fail (all),PCA,100,0.9383966244725739,0.014271337152141577,0.9297899349417482,1185
9,L17,Success/Fail (all),Random,5,0.8675105485232069,0.012753509189746855,,1185
9,L17,Success/Fail (all),Random,10,0.9021097046413502,0.005846585004451873,,1185
9,L17,Success/Fail (all),Random,20,0.9122362869198313,0.007452962756394771,,1185
9,L17,Success/Fail (all),Random,50,0.9245569620253166,0.004050632911392361,,1185
9,L17,Success/Fail (all),Random,100,0.9338396624472572,0.0038708337354193263,,1185
9,L17,Success/Fail (all),Conceptor,5,0.9080168776371309,0.015189873417721518,0.8945281906597937,1185
9,L17,Success/Fail (all),Conceptor,10,0.9139240506329113,0.02526013425670169,0.9011992317258442,1185
9,L17,Success/Fail (all),Conceptor,20,0.9139240506329115,0.02831723499672996,0.9012100109186878,1185
9,L17,Success/Fail (all),Conceptor,50,0.9308016877637131,0.018603719565441837,0.9208343973122368,1185
9,L17,Success/Fail (all),Conceptor,100,0.9518987341772152,0.021613921476566562,0.9451112189089219,1185
9,L17,Success/Fail (all),ConceptorEnergy(α=0.1),4,0.8489451476793249,0.028292075298295707,,1185
9,L17,Success/Fail (all),ConceptorEnergy(α=1.0),4,0.9037974683544304,0.015422503698309801,,1185
9,L17,Asm Succ/Fail,Full LogReg,1024,0.9111111111111111,0.025337231668869753,0.8574552991615372,450
9,L17,Asm Succ/Fail,Full Ridge,1024,0.9377777777777778,0.020608041101101572,,450
9,L17,Asm Succ/Fail,PCA,5,0.8288888888888888,0.03758118783397279,0.7183802824299497,450
9,L17,Asm Succ/Fail,PCA,10,0.8155555555555555,0.03758118783397279,0.6993164871336376,450
9,L17,Asm Succ/Fail,PCA,20,0.8422222222222221,0.02036700308869265,0.7391743033590114,450
9,L17,Asm Succ/Fail,PCA,50,0.8777777777777779,0.01859244503409057,0.8053597030382743,450
9,L17,Asm Succ/Fail,PCA,100,0.9222222222222222,0.028109134757052248,0.8670430314207451,450
9,L17,Asm Succ/Fail,Random,5,0.8106666666666668,0.025117993157235226,,450
9,L17,Asm Succ/Fail,Random,10,0.8355555555555554,0.01318435286594793,,450
9,L17,Asm Succ/Fail,Random,20,0.8502222222222222,0.014374188114485601,,450
9,L17,Asm Succ/Fail,Random,50,0.8866666666666667,0.010134892667547865,,450
9,L17,Asm Succ/Fail,Random,100,0.9,0.004444444444444451,,450
9,L17,Asm Succ/Fail,Conceptor,5,0.8688888888888888,0.042397297840753134,0.7870208481298544,450
9,L17,Asm Succ/Fail,Conceptor,10,0.8800000000000001,0.03095197394929803,0.7995352103712678,450
9,L17,Asm Succ/Fail,Conceptor,20,0.8911111111111112,0.03610683735393762,0.8225212458060673,450
9,L17,Asm Succ/Fail,Conceptor,50,0.888888888888889,0.02533723166886975,0.8248646291430465,450
9,L17,Asm Succ/Fail,Conceptor,100,0.928888888888889,0.0193728841935141,0.8835127530505202,450
9,L17,Asm Succ/Fail,ConceptorEnergy(α=0.1),4,0.808888888888889,0.02036700308869265,,450
9,L17,Asm Succ/Fail,ConceptorEnergy(α=1.0),4,0.8466666666666665,0.024745619390355644,,450
